{"SceneData":[{"Id":"64a5be9e-5788-42f1-bd48-0624c58453ac","ContainerName":"","LuaCode":"function OnStart() CreatePrimitive(0) end","ParentId":"","Position":{"X":6.3623809814453125,"Y":1.0799998044967651,"Z":-5.302492141723633,"Origin":{"X":0.0,"Y":0.0,"Z":0.0}},"Size":{"X":1.0,"Y":1.0,"Z":1.0,"Origin":{"X":0.0,"Y":0.0,"Z":0.0}}},{"Id":"fcd4f940-fd00-4a7d-ba16-99a57cf29253","ContainerName":"","LuaCode":"function OnStart() CreatePrimitive(0) end","ParentId":"","Position":{"X":12.12533187866211,"Y":3.098081588745117,"Z":-5.91610860824585,"Origin":{"X":0.0,"Y":0.0,"Z":0.0}},"Size":{"X":1.0,"Y":1.0,"Z":1.0,"Origin":{"X":0.0,"Y":0.0,"Z":0.0}}}]}